Workbook

Sheet titanic
A1: Survived | B1: Pclass | C1: Name | D1: Sex | E1: Age | F1: Siblings/Spouses Aboard | G1: Parents/Children Aboard | H1: Fare
A2: 0 | B2: 3 | C2: Mr. Owen Harris Braund | D2: male | E2: 22 | F2: 1 | G2: 0 | H2: 7.25
A3: 1 | B3: 1 | C3: Mrs. John Bradley (Florence Briggs Thayer) Cumings | D3: female | E3: 38 | F3: 1 | G3: 0 | H3: 71.2833
A4: 1 | B4: 3 | C4: Miss. Laina Heikkinen | D4: female | E4: 26 | F4: 0 | G4: 0 | H4: 7.925
A5: 1 | B5: 1 | C5: Mrs. Jacques Heath (Lily May Peel) Futrelle | D5: female | E5: 35 | F5: 1 | G5: 0 | H5: 53.1
A6: 0 | B6: 3 | C6: Mr. William Henry Allen | D6: male | E6: 35 | F6: 0 | G6: 0 | H6: 8.05
A7: 0 | B7: 3 | C7: Mr. James Moran | D7: male | E7: 27 | F7: 0 | G7: 0 | H7: 8.4583
A8: 0 | B8: 1 | C8: Mr. Timothy J McCarthy | D8: male | E8: 54 | F8: 0 | G8: 0 | H8: 51.8625
A9: 0 | B9: 3 | C9: Master. Gosta Leonard Palsson | D9: male | E9: 2 | F9: 3 | G9: 1 | H9: 21.075
A10: 1 | B10: 3 | C10: Mrs. Oscar W (Elisabeth Vilhelmina Berg) Johnson | D10: female | E10: 27 | F10: 0 | G10: 2 | H10: 11.1333
A11: 1 | B11: 2 | C11: Mrs. Nicholas (Adele Achem) Nasser | D11: female | E11: 14 | F11: 1 | G11: 0 | H11: 30.0708
A12: 1 | B12: 3 | C12: Miss. Marguerite Rut Sandstrom | D12: female | E12: 4 | F12: 1 | G12: 1 | H12: 16.7
A13: 1 | B13: 1 | C13: Miss. Elizabeth Bonnell | D13: female | E13: 58 | F13: 0 | G13: 0 | H13: 26.55
... A888: 0 | B888: 3 | C888: Mr. Patrick Dooley | D888: male | E888: 32 | F888: 0 | G888: 0 | H888: 7.75

Sheet Descriptive Stats
A1: {=titanic!E1:H888} -> Age | B1: Siblings/Spouses Aboard | C1: Parents/Children Aboard | D1: Fare | F1: Age | I1: Siblings/Spouses Aboard | L1: Parents/Children Aboard | O1: Fare
A2: 22 | B2: 1 | C2: 0 | D2: 7.25
A3: 38 | B3: 1 | C3: 0 | D3: 71.2833 | F3: Mean | G3: 29.471443 | I3: Mean | J3: 0.5253664 | L3: Mean | M3: 0.38331454 | O3: Mean | P3: 32.30542
A4: 26 | B4: 0 | C4: 0 | D4: 7.925 | F4: Standard Error | G4: 0.47416728 | I4: Standard Error | J4: 0.03709114 | L4: Standard Error | M4: 0.027112052 | O4: Standard Error | P4: 1.6715173
A5: 35 | B5: 1 | C5: 0 | D5: 53.1 | F5: Median | G5: 28 | I5: Median | J5: 0 | L5: Median | M5: 0 | O5: Median | P5: 14.4542
A6: 35 | B6: 0 | C6: 0 | D6: 8.05 | F6: Mode | G6: 22 | I6: Mode | J6: 0 | L6: Mode | M6: 0 | O6: Mode | P6: 8.05
A7: 27 | B7: 0 | C7: 0 | D7: 8.4583 | F7: Standard Deviation | G7: 14.121908 | I7: Standard Deviation | J7: 1.1046686 | L7: Standard Deviation | M7: 0.80746591 | O7: Standard Deviation | P7: 49.78204
A8: 54 | B8: 0 | C8: 0 | D8: 51.8625 | F8: Sample Variance | G8: 199.4283 | I8: Sample Variance | J8: 1.2202926 | L8: Sample Variance | M8: 0.65200119 | O8: Sample Variance | P8: 2478.2515
A9: 2 | B9: 3 | C9: 1 | D9: 21.075 | F9: Kurtosis | G9: 0.29255909 | I9: Kurtosis | J9: 17.797537 | L9: Kurtosis | M9: 9.7230659 | O9: Kurtosis | P9: 33.264605
A10: 27 | B10: 0 | C10: 2 | D10: 11.1333 | F10: Skewness | G10: 0.44718857 | I10: Skewness | J10: 3.6867598 | L10: Skewness | M10: 2.7411981 | O10: Skewness | P10: 4.7776714
A11: 14 | B11: 1 | C11: 0 | D11: 30.0708 | F11: Range | G11: 79.58 | I11: Range | J11: 8 | L11: Range | M11: 6 | O11: Range | P11: 512.3292
A12: 4 | B12: 1 | C12: 1 | D12: 16.7 | F12: Minimum | G12: 0.42 | I12: Minimum | J12: 0 | L12: Minimum | M12: 0 | O12: Minimum | P12: 0
A13: 58 | B13: 0 | C13: 0 | D13: 26.55 | F13: Maximum | G13: 80 | I13: Maximum | J13: 8 | L13: Maximum | M13: 6 | O13: Maximum | P13: 512.3292
A14: 20 | B14: 0 | C14: 0 | D14: 8.05 | F14: Sum | G14: 26141.17 | I14: Sum | J14: 466 | L14: Sum | M14: 340 | O14: Sum | P14: 28654.908
A15: 39 | B15: 1 | C15: 5 | D15: 31.275 | F15: Count | G15: 887 | I15: Count | J15: 887 | L15: Count | M15: 887 | O15: Count | P15: 887
A16: 14 | B16: 0 | C16: 0 | D16: 7.8542
A17: 55 | B17: 0 | C17: 0 | D17: 16
A18: 2 | B18: 4 | C18: 1 | D18: 29.125 | F18: Data is considered to be normal if skewness is between -2 to 2 and kurtosis is between -7 to 7
A19: 23 | B19: 0 | C19: 0 | D19: 13
A20: 31 | B20: 1 | C20: 0 | D20: 18
A21: 22 | B21: 0 | C21: 0 | D21: 7.225
A22: 35 | B22: 0 | C22: 0 | D22: 26
A23: 34 | B23: 0 | C23: 0 | D23: 13
A24: 15 | B24: 0 | C24: 0 | D24: 8.0292
A25: 28 | B25: 0 | C25: 0 | D25: 35.5
A26: 8 | B26: 3 | C26: 1 | D26: 21.075
A27: 38 | B27: 1 | C27: 5 | D27: 31.3875
A28: 26 | B28: 0 | C28: 0 | D28: 7.225
A29: 19 | B29: 3 | C29: 2 | D29: 263
A30: 24 | B30: 0 | C30: 0 | D30: 7.8792
... A888: 32 | B888: 0 | C888: 0 | D888: 7.75

Sheet XLOOKUP
A1: Name: | B1: =titanic!C9 -> Master. Gosta Leonard Palsson | C1: Age: | D1: =_xlfn.XLOOKUP(B1, Titanic[Name], Titanic[Age]) -> 2
A2: Name: | B2: Palsson | C2: Age: | D2: =_xlfn.XLOOKUP("*"&B2&"*", Titanic[Name], Titanic[Age],"no match", 2) -> 2
H4: Age | I4: Siblings/Spouse | J4: Parent/Child
A5: Name: | B5: Palsson | C5: Age: | D5: {=_xlfn._xlws.FILTER(Titanic[], ISNUMBER(SEARCH(B5, Titanic[Name])), "no results")} -> 0 | E5: 3 | F5: Master. Gosta Leonard Palsson | G5: male | H5: 2 | I5: 3 | J5: 1 | K5: 21.075
D6: 0 | E6: 3 | F6: Miss. Torborg Danira Palsson | G6: female | H6: 8 | I6: 3 | J6: 1 | K6: 21.075
D7: 0 | E7: 3 | F7: Miss. Stina Viola Palsson | G7: female | H7: 3 | I7: 3 | J7: 1 | K7: 21.075
D8: 0 | E8: 3 | F8: Mrs. Nils (Alma Cornelia Berglund) Palsson | G8: female | H8: 29 | I8: 0 | J8: 4 | K8: 21.075

Sheet PivotChart
A1: Sex | B1: female
A3: Count of Sex | B3: Column Labels
A4: Row Labels | B4: 1 | C4: 2 | D4: 3 | E4: Grand Total
A5: 0 | B5: 3 | C5: 6 | D5: 72 | E5: 81
A6: 1 | B6: 91 | C6: 70 | D6: 72 | E6: 233
A7: Grand Total | B7: 94 | C7: 76 | D7: 144 | E7: 314

Sheet KDE
A1: Titanic Names | B1: Titanic Ages
A2: =titanic!C2 -> Mr. Owen Harris Braund | B2: =titanic!E2 -> 22 | E2: Mean: | F2: =AVERAGE(Titanic[Age]) -> 29.471443
A3: =titanic!C3 -> Mrs. John Bradley (Florence Briggs Thayer) Cumings | B3: =titanic!E3 -> 38 | E3: Median: | F3: =MEDIAN(Titanic[Age]) -> 28
A4: =titanic!C4 -> Miss. Laina Heikkinen | B4: =titanic!E4 -> 26 | E4: Mode: | F4: =MODE(Titanic[Age]) -> 22
A5: =titanic!C5 -> Mrs. Jacques Heath (Lily May Peel) Futrelle | B5: =titanic!E5 -> 35 | E5: Std Dev: | F5: =_xlfn.STDEV.P(Titanic[Age]) -> 14.113946
A6: =titanic!C6 -> Mr. William Henry Allen | B6: =titanic!E6 -> 35 | E6: Min: | F6: =MIN(Titanic[Age]) -> 0.42
A7: =titanic!C7 -> Mr. James Moran | B7: =titanic!E7 -> 27 | E7: Max: | F7: =MAX(Titanic[Age]) -> 80
A8: =titanic!C8 -> Mr. Timothy J McCarthy | B8: =titanic!E8 -> 54 | E8: Range: | F8: =F7-F6 -> 79.58
A9: =titanic!C9 -> Master. Gosta Leonard Palsson | B9: =titanic!E9 -> 2 | E9: Bin Int: | F9: =F8/20 -> 3.979
A10: =titanic!C10 -> Mrs. Oscar W (Elisabeth Vilhelmina Berg) Johnson | B10: =titanic!E10 -> 27 | E10: N: | F10: =COUNT(Titanic[Age]) -> 887
A11: =titanic!C11 -> Mrs. Nicholas (Adele Achem) Nasser | B11: =titanic!E11 -> 14 | L11: Notes:
A12: =titanic!C12 -> Miss. Marguerite Rut Sandstrom | B12: =titanic!E12 -> 4 | E12: BIN | F12: BINX | G12: Freq | H12: Normal Distribution | L12: Freq uses an array formula: Ctr + Shift + Enter
A13: =titanic!C13 -> Miss. Elizabeth Bonnell | B13: =titanic!E13 -> 58 | E13: =F6 -> 0.42 | F13: =(ROUND(E13,1)&"") -> 0.4 | G13: {=FREQUENCY(B2:B881, E13:E33)} -> 1 | H13: 0 | I13: 0 | J13: =_xlfn.NORM.DIST(I13,$F$2,$F$5,FALSE)+G13 -> 1.0031949 | L13: False for values being cumulative
A14: =titanic!C14 -> Mr. William Henry Saundercock | B14: =titanic!E14 -> 20 | E14: =E13+$F$9 -> 4.399 | F14: =(ROUND(E14,1)&"") -> 4.4 | G14: 42 | H14: 1 | I14: =I13+$F$9 -> 3.979 | J14: =_xlfn.NORM.DIST(I14,$F$2,$F$5,FALSE)+G14 -> 42.005532
A15: =titanic!C15 -> Mr. Anders Johan Andersson | B15: =titanic!E15 -> 39 | E15: =E14+$F$9 -> 8.378 | F15: =(ROUND(E15,1)&"") -> 8.4 | G15: 19 | H15: 2 | I15: =I14+$F$9 -> 7.958 | J15: =_xlfn.NORM.DIST(I15,$F$2,$F$5,FALSE)+G15 -> 19.008846
A16: =titanic!C16 -> Miss. Hulda Amanda Adolfina Vestrom | B16: =titanic!E16 -> 14 | E16: =E15+$F$9 -> 12.357 | F16: =(ROUND(E16,1)&"") -> 12.4 | G16: 16 | H16: 3 | I16: =I15+$F$9 -> 11.937 | J16: =_xlfn.NORM.DIST(I16,$F$2,$F$5,FALSE)+G16 -> 16.013065
A17: =titanic!C17 -> Mrs. (Mary D Kingcome) Hewlett | B17: =titanic!E17 -> 55 | E17: =E16+$F$9 -> 16.336 | F17: =(ROUND(E17,1)&"") -> 16.3 | G17: 35 | H17: 4 | I17: =I16+$F$9 -> 15.916 | J17: =_xlfn.NORM.DIST(I17,$F$2,$F$5,FALSE)+G17 -> 35.017822
A18: =titanic!C18 -> Master. Eugene Rice | B18: =titanic!E18 -> 2 | E18: =E17+$F$9 -> 20.315 | F18: =(ROUND(E18,1)&"") -> 20.3 | G18: 107 | H18: 5 | I18: =I17+$F$9 -> 19.895 | J18: =_xlfn.NORM.DIST(I18,$F$2,$F$5,FALSE)+G18 -> 107.02245
A19: =titanic!C19 -> Mr. Charles Eugene Williams | B19: =titanic!E19 -> 23 | E19: =E18+$F$9 -> 24.294 | F19: =(ROUND(E19,1)&"") -> 24.3 | G19: 134 | H19: 6 | I19: =I18+$F$9 -> 23.874 | J19: =_xlfn.NORM.DIST(I19,$F$2,$F$5,FALSE)+G19 -> 134.02613
A20: =titanic!C20 -> Mrs. Julius (Emelia Maria Vandemoortele) Vander Planke | B20: =titanic!E20 -> 31 | E20: =E19+$F$9 -> 28.273 | F20: =(ROUND(E20,1)&"") -> 28.3 | G20: 106 | H20: 7 | I20: =I19+$F$9 -> 27.853 | J20: =_xlfn.NORM.DIST(I20,$F$2,$F$5,FALSE)+G20 -> 106.02808
A21: =titanic!C21 -> Mrs. Fatima Masselmani | B21: =titanic!E21 -> 22 | E21: =E20+$F$9 -> 32.252 | F21: =(ROUND(E21,1)&"") -> 32.3 | G21: 101 | H21: 8 | I21: =I20+$F$9 -> 31.832 | J21: =_xlfn.NORM.DIST(I21,$F$2,$F$5,FALSE)+G21 -> 101.02787
A22: =titanic!C22 -> Mr. Joseph J Fynney | B22: =titanic!E22 -> 35 | E22: =E21+$F$9 -> 36.231 | F22: =(ROUND(E22,1)&"") -> 36.2 | G22: 81 | H22: 9 | I22: =I21+$F$9 -> 35.811 | J22: =_xlfn.NORM.DIST(I22,$F$2,$F$5,FALSE)+G22 -> 81.025554
A23: =titanic!C23 -> Mr. Lawrence Beesley | B23: =titanic!E23 -> 34 | E23: =E22+$F$9 -> 40.21 | F23: =(ROUND(E23,1)&"") -> 40.2 | G23: 60 | H23: 10 | I23: =I22+$F$9 -> 39.79 | J23: =_xlfn.NORM.DIST(I23,$F$2,$F$5,FALSE)+G23 -> 60.021637
A24: =titanic!C24 -> Miss. Anna McGowan | B24: =titanic!E24 -> 15 | E24: =E23+$F$9 -> 44.189 | F24: =(ROUND(E24,1)&"") -> 44.2 | G24: 44 | H24: 11 | I24: =I23+$F$9 -> 43.769 | J24: =_xlfn.NORM.DIST(I24,$F$2,$F$5,FALSE)+G24 -> 44.016921
A25: =titanic!C25 -> Mr. William Thompson Sloper | B25: =titanic!E25 -> 28 | E25: =E24+$F$9 -> 48.168 | F25: =(ROUND(E25,1)&"") -> 48.2 | G25: 44 | H25: 12 | I25: =I24+$F$9 -> 47.748 | J25: =_xlfn.NORM.DIST(I25,$F$2,$F$5,FALSE)+G25 -> 44.012222
... A33: =titanic!C33 -> Mrs. William Augustus (Marie Eugenie) Spencer | B33: =titanic!E33 -> 48 | E33: =E32+$F$9 -> 80 | F33: =(ROUND(E33,1)&"") -> 80 | G33: 0 | H33: 20 | I33: =I32+$F$9 -> 79.58 | J33: =_xlfn.NORM.DIST(I33,$F$2,$F$5,FALSE)+G33 -> 5.1787044e-05
A34: =titanic!C34 -> Miss. Mary Agatha Glynn | B34: =titanic!E34 -> 18
A35: =titanic!C35 -> Mr. Edward H Wheadon | B35: =titanic!E35 -> 66
A36: =titanic!C36 -> Mr. Edgar Joseph Meyer | B36: =titanic!E36 -> 28
A37: =titanic!C37 -> Mr. Alexander Oskar Holverson | B37: =titanic!E37 -> 42
A38: =titanic!C38 -> Mr. Hanna Mamee | B38: =titanic!E38 -> 18
A39: =titanic!C39 -> Mr. Ernest Charles Cann | B39: =titanic!E39 -> 21
A40: =titanic!C40 -> Miss. Augusta Maria Vander Planke | B40: =titanic!E40 -> 18
A41: =titanic!C41 -> Miss. Jamila Nicola-Yarred | B41: =titanic!E41 -> 14
A42: =titanic!C42 -> Mrs. Johan (Johanna Persdotter Larsson) Ahlin | B42: =titanic!E42 -> 40
A43: =titanic!C43 -> Mrs. William John Robert (Dorothy Ann Wonnacott) Turpin | B43: =titanic!E43 -> 27
A44: =titanic!C44 -> Miss. Simonne Marie Anne Andree Laroche | B44: =titanic!E44 -> 3
A45: =titanic!C45 -> Miss. Margaret Delia Devaney | B45: =titanic!E45 -> 19
... A881: =titanic!C881 -> Mr. Frederick James Banfield | B881: =titanic!E881 -> 28

Sheet PowerPivot
